{"stats":{"minecraft:custom":{"minecraft:time_since_rest":287842,"minecraft:sprint_one_cm":68723,"minecraft:walk_one_cm":228603,"minecraft:drop":5,"minecraft:minecart_one_cm":459796,"minecraft:tune_noteblock":3,"minecraft:fly_one_cm":1185700,"minecraft:crouch_one_cm":7779,"minecraft:play_time":287842,"minecraft:interact_with_loom":4,"minecraft:sneak_time":15364,"minecraft:aviate_one_cm":501867,"minecraft:jump":681,"minecraft:leave_game":6,"minecraft:time_since_death":287842,"minecraft:total_world_time":521097},"minecraft:picked_up":{"minecraft:red_banner":1,"minecraft:stone_button":4,"minecraft:redstone":1,"minecraft:detector_rail":4,"minecraft:lever":1,"minecraft:minecart":3,"minecraft:powered_rail":8,"minecraft:rail":1},"minecraft:dropped":{"minecraft:minecart":3,"minecraft:redstone":2},"minecraft:used":{"minecraft:redstone_torch":17,"minecraft:sticky_piston":44,"minecraft:oak_fence":710,"minecraft:stone_brick_slab":66,"minecraft:piston":3,"minecraft:lever":71,"minecraft:honey_block":1,"minecraft:black_concrete":276,"minecraft:activator_rail":1,"minecraft:iron_bars":196,"minecraft:firework_rocket":168,"minecraft:dirt_path":23,"minecraft:slime_block":32,"minecraft:elytra":1,"minecraft:grass_block":11,"minecraft:powered_rail":239,"minecraft:spruce_slab":23,"minecraft:redstone":125,"minecraft:oak_button":5,"minecraft:oak_planks":155,"minecraft:stone_button":6,"minecraft:white_concrete_powder":14,"minecraft:andesite_slab":172,"minecraft:detector_rail":44,"minecraft:spruce_planks":1154,"minecraft:redstone_block":1,"minecraft:spruce_sign":1,"minecraft:spruce_fence_gate":2,"minecraft:blue_banner":6,"minecraft:repeater":35,"minecraft:dirt":3,"minecraft:rail":116,"minecraft:oak_slab":1,"minecraft:loom":14,"minecraft:spruce_stairs":49,"minecraft:red_banner":20,"minecraft:minecart":165,"minecraft:chain":17,"minecraft:note_block":1,"minecraft:stone_brick_wall":48,"minecraft:oak_fence_gate":4,"minecraft:obsidian":5}},"DataVersion":3105}